Subreddit,# of users,%
AskReddit,795,27.38546331
aww,298,10.26524285
pics,251,8.64622804
funny,221,7.61281433
TwoXChromosomes,178,6.131588012
relationships,175,6.028246641
todayilearned,170,5.856011023
news,166,5.718222528
Showerthoughts,158,5.442645539
mildlyinteresting,148,5.098174302
AskWomen,146,5.029280055
gifs,141,4.857044437
worldnews,121,4.168101963
SkincareAddiction,116,3.995866345
LifeProTips,111,3.823630727
videos,110,3.789183603
MakeupAddiction,107,3.685842232
personalfinance,104,3.582500861
gaming,89,3.065794006
trashy,89,3.065794006
childfree,88,3.031346883
tifu,86,2.962452635
movies,85,2.928005512
OldSchoolCool,84,2.893558388
IAmA,83,2.859111264
raisedbynarcissists,82,2.824664141
science,82,2.824664141
interestingasfuck,81,2.790217017
cats,80,2.755769893
books,79,2.72132277
politics,79,2.72132277
WTF,78,2.686875646
TrollXChromosomes,73,2.514640028
oddlysatisfying,73,2.514640028
sex,71,2.44574578
food,70,2.411298657
relationship_advice,68,2.342404409
nottheonion,64,2.204615915
JUSTNOMIL,61,2.101274544
insanepeoplefacebook,61,2.101274544
Frugal,60,2.06682742
AdviceAnimals,59,2.032380296
loseit,59,2.032380296
mildlyinfuriating,59,2.032380296
television,59,2.032380296
explainlikeimfive,58,1.997933173
legaladvice,58,1.997933173
Anxiety,57,1.963486049
femalefashionadvice,56,1.929038925
trees,55,1.894591802
TheGirlSurvivalGuide,54,1.860144678
weddingplanning,54,1.860144678
AskDocs,52,1.791250431
Music,52,1.791250431
curlyhair,52,1.791250431
wholesomememes,52,1.791250431
xxfitness,52,1.791250431
BlackPeopleTwitter,51,1.756803307
ChronicPain,51,1.756803307
vegan,50,1.722356183
dogs,49,1.68790906
keto,46,1.584567689
antiMLM,45,1.550120565
AskMen,44,1.515673441
MadeMeSmile,44,1.515673441
UpliftingNews,44,1.515673441
Parenting,43,1.481226318
badwomensanatomy,43,1.481226318
niceguys,43,1.481226318
offmychest,43,1.481226318
CrappyDesign,42,1.446779194
NoStupidQuestions,42,1.446779194
birthcontrol,42,1.446779194
gardening,42,1.446779194
HumansBeingBros,41,1.41233207
gameofthrones,41,1.41233207
migraine,41,1.41233207
UnresolvedMysteries,40,1.377884947
confession,40,1.377884947
ChoosingBeggars,39,1.343437823
EarthPorn,39,1.343437823
Eyebleach,39,1.343437823
depression,39,1.343437823
nostalgia,38,1.308990699
iamverysmart,37,1.274543576
rarepuppers,37,1.274543576
thatHappened,37,1.274543576
Art,36,1.240096452
Cooking,36,1.240096452
PCOS,36,1.240096452
creepyPMs,36,1.240096452
starterpacks,36,1.240096452
tattoos,36,1.240096452
ADHD,35,1.205649328
CozyPlaces,34,1.171202205
blunderyears,34,1.171202205
ibs,34,1.171202205
oldpeoplefacebook,34,1.171202205
succulents,34,1.171202205
CasualConversation,33,1.136755081
NatureIsFuckingLit,33,1.136755081
1200isplenty,32,1.102307957
BabyBumps,32,1.102307957
xxketo,32,1.102307957
Advice,31,1.067860834
Documentaries,31,1.067860834
EatCheapAndHealthy,31,1.067860834
Tinder,31,1.067860834
Whatcouldgowrong,31,1.067860834
crochet,31,1.067860834
facepalm,31,1.067860834
BPD,30,1.03341371
Wellthatsucks,30,1.03341371
harrypotter,30,1.03341371
tipofmytongue,30,1.03341371
AnimalsBeingJerks,29,0.998966586
FancyFollicles,29,0.998966586
MaliciousCompliance,29,0.998966586
britishproblems,29,0.998966586
knitting,29,0.998966586
whatisthisthing,29,0.998966586
AMA,28,0.964519463
DIY,28,0.964519463
DunderMifflin,28,0.964519463
Fitness,28,0.964519463
popping,28,0.964519463
AsianBeauty,27,0.930072339
ExpectationVsReality,27,0.930072339
GetMotivated,27,0.930072339
infertility,27,0.930072339
progresspics,27,0.930072339
quityourbullshit,27,0.930072339
BeautyGuruChatter,26,0.895625215
Jokes,26,0.895625215
TryingForABaby,26,0.895625215
happy,26,0.895625215
nursing,26,0.895625215
pettyrevenge,26,0.895625215
sadcringe,26,0.895625215
technology,26,0.895625215
ABraThatFits,25,0.861178092
AnimalsBeingBros,25,0.861178092
TalesFromRetail,25,0.861178092
TalesFromYourServer,25,0.861178092
canada,25,0.861178092
creepy,25,0.861178092
cringepics,25,0.861178092
instant_regret,25,0.861178092
suggestmeabook,25,0.861178092
beyondthebump,24,0.826730968
bipolar,24,0.826730968
dataisbeautiful,24,0.826730968
jobs,24,0.826730968
nosleep,24,0.826730968
shittyfoodporn,24,0.826730968
woahdude,24,0.826730968
CrossStitch,23,0.792283844
Futurology,23,0.792283844
MorbidReality,23,0.792283844
askscience,23,0.792283844
atheism,23,0.792283844
australia,23,0.792283844
conspiracy,23,0.792283844
ketorecipes,23,0.792283844
thesims,23,0.792283844
Baking,22,0.757836721
LadyBoners,22,0.757836721
MealPrepSunday,22,0.757836721
WhitePeopleTwitter,22,0.757836721
confessions,22,0.757836721
justneckbeardthings,22,0.757836721
muacjdiscussion,22,0.757836721
namenerds,22,0.757836721
rupaulsdragrace,22,0.757836721
AbandonedPorn,21,0.723389597
AnimalsBeingDerps,21,0.723389597
BetterEveryLoop,21,0.723389597
Fibromyalgia,21,0.723389597
GifRecipes,21,0.723389597
IDontWorkHereLady,21,0.723389597
PoliticalHumor,21,0.723389597
Teachers,21,0.723389597
TooAfraidToAsk,21,0.723389597
fatlogic,21,0.723389597
glutenfree,21,0.723389597
piercing,21,0.723389597
sports,21,0.723389597
CBD,20,0.688942473
CringeAnarchy,20,0.688942473
TeenMomOGandTeenMom2,20,0.688942473
awfuleyebrows,20,0.688942473
bestoflegaladvice,20,0.688942473
reactiongifs,20,0.688942473
sewing,20,0.688942473
thisismylifenow,20,0.688942473
CasualUK,19,0.65449535
DiWHY,19,0.65449535
FoodPorn,19,0.65449535
TumblrInAction,19,0.65449535
Zoomies,19,0.65449535
actuallesbians,19,0.65449535
educationalgifs,19,0.65449535
exmormon,19,0.65449535
gatekeeping,19,0.65449535
muacirclejerk,19,0.65449535
thebachelor,19,0.65449535
Damnthatsinteresting,18,0.620048226
Dogtraining,18,0.620048226
HomeImprovement,18,0.620048226
LateStageCapitalism,18,0.620048226
RedditLaqueristas,18,0.620048226
ThriftStoreHauls,18,0.620048226
UnethicalLifeProTips,18,0.620048226
Youniqueamua,18,0.620048226
askwomenadvice,18,0.620048226
assholedesign,18,0.620048226
bestof,18,0.620048226
history,18,0.620048226
iamverybadass,18,0.620048226
itookapicture,18,0.620048226
lgbt,18,0.620048226
therewasanattempt,18,0.620048226
travel,18,0.620048226
wedding,18,0.620048226
whatsthisplant,18,0.620048226
BeAmazed,17,0.585601102
BeforeNAfterAdoption,17,0.585601102
DoesAnybodyElse,17,0.585601102
Drugs,17,0.585601102
Hair,17,0.585601102
IncelTears,17,0.585601102
JUSTNOFAMILY,17,0.585601102
LetsNotMeet,17,0.585601102
ProRevenge,17,0.585601102
SuicideWatch,17,0.585601102
Unexpected,17,0.585601102
bigboobproblems,17,0.585601102
blackmagicfuckery,17,0.585601102
europe,17,0.585601102
lastimages,17,0.585601102
lifehacks,17,0.585601102
vegetarian,17,0.585601102
whatsthisbug,17,0.585601102
wow,17,0.585601102
ATBGE,16,0.551153979
AnimalCrossing,16,0.551153979
BigBrother,16,0.551153979
OutOfTheLoop,16,0.551153979
Overwatch,16,0.551153979
TrueOffMyChest,16,0.551153979
WaltDisneyWorld,16,0.551153979
breakingmom,16,0.551153979
breastfeeding,16,0.551153979
cringe,16,0.551153979
dating_advice,16,0.551153979
hmmm,16,0.551153979
kratom,16,0.551153979
melbourne,16,0.551153979
polyamory,16,0.551153979
redditgetsdrawn,16,0.551153979
space,16,0.551153979
teenmom,16,0.551153979
whitepeoplegifs,16,0.551153979
writing,16,0.551153979
AskVet,15,0.516706855
FreeCompliments,15,0.516706855
OopsDidntMeanTo,15,0.516706855
PMDD,15,0.516706855
PenmanshipPorn,15,0.516706855
StardewValley,15,0.516706855
WritingPrompts,15,0.516706855
apple,15,0.516706855
asoiaf,15,0.516706855
bettafish,15,0.516706855
casualiama,15,0.516706855
corgi,15,0.516706855
ehlersdanlos,15,0.516706855
esist,15,0.516706855
freefolk,15,0.516706855
nonononoyes,15,0.516706855
pcmasterrace,15,0.516706855
tumblr,15,0.516706855
watchpeopledie,15,0.516706855
FellowKids,14,0.482259731
GradSchool,14,0.482259731
Makeup,14,0.482259731
NintendoSwitch,14,0.482259731
Pets,14,0.482259731
RoastMe,14,0.482259731
StarWars,14,0.482259731
blackmirror,14,0.482259731
greysanatomy,14,0.482259731
makeupexchange,14,0.482259731
memes,14,0.482259731
mentalhealth,14,0.482259731
running,14,0.482259731
self,14,0.482259731
yoga,14,0.482259731
AskWomenOver30,13,0.447812608
BDSMcommunity,13,0.447812608
Catloaf,13,0.447812608
Christianity,13,0.447812608
CompulsiveSkinPicking,13,0.447812608
Fantasy,13,0.447812608
HistoryPorn,13,0.447812608
MurderedByWords,13,0.447812608
Paranormal,13,0.447812608
PeopleFuckingDying,13,0.447812608
StrangerThings,13,0.447812608
WeWantPlates,13,0.447812608
WhatsWrongWithYourDog,13,0.447812608
booksuggestions,13,0.447812608
drunk,13,0.447812608
photoshopbattles,13,0.447812608
ptsd,13,0.447812608
socialanxiety,13,0.447812608
stopdrinking,13,0.447812608
tea,13,0.447812608
tippytaps,13,0.447812608
youseeingthisshit,13,0.447812608
90DayFiance,12,0.413365484
AccidentalRenaissance,12,0.413365484
AccidentalWesAnderson,12,0.413365484
Aquariums,12,0.413365484
Assistance,12,0.413365484
BipolarReddit,12,0.413365484
Celiac,12,0.413365484
CircleofTrust,12,0.413365484
ComedyCemetery,12,0.413365484
HaircareScience,12,0.413365484
Hypothyroidism,12,0.413365484
Justfuckmyshitup,12,0.413365484
Justrolledintotheshop,12,0.413365484
KitchenConfidential,12,0.413365484
TheHandmaidsTale,12,0.413365484
YouShouldKnow,12,0.413365484
calvinandhobbes,12,0.413365484
comics,12,0.413365484
crafts,12,0.413365484
dogpictures,12,0.413365484
dontdeadopeninside,12,0.413365484
houston,12,0.413365484
im14andthisisdeep,12,0.413365484
medicine,12,0.413365484
needadvice,12,0.413365484
teenagers,12,0.413365484
unitedkingdom,12,0.413365484
AskAcademia,11,0.37891836
AskOuija,11,0.37891836
Austin,11,0.37891836
Blep,11,0.37891836
DnD,11,0.37891836
Embroidery,11,0.37891836
FunnyandSad,11,0.37891836
INEEEEDIT,11,0.37891836
MakeupRehab,11,0.37891836
Marriage,11,0.37891836
OkCupid,11,0.37891836
Rabbits,11,0.37891836
aspergers,11,0.37891836
college,11,0.37891836
cosplay,11,0.37891836
doctorwho,11,0.37891836
flexibility,11,0.37891836
likeus,11,0.37891836
marvelstudios,11,0.37891836
me_irl,11,0.37891836
pitbulls,11,0.37891836
skyrim,11,0.37891836
slowcooking,11,0.37891836
starbucks,11,0.37891836
startrek,11,0.37891836
stevenuniverse,11,0.37891836
thewalkingdead,11,0.37891836
2meirl4meirl,10,0.344471237
AskRedditAfterDark,10,0.344471237
BravoRealHousewives,10,0.344471237
CPTSD,10,0.344471237
CampingandHiking,10,0.344471237
CatsAreAssholes,10,0.344471237
CountingOn,10,0.344471237
CrazyIdeas,10,0.344471237
IndoorGarden,10,0.344471237
LushCosmetics,10,0.344471237
NetflixBestOf,10,0.344471237
PandR,10,0.344471237
Portland,10,0.344471237
Shitty_Car_Mods,10,0.344471237
SkincareAddicts,10,0.344471237
StoppedWorking,10,0.344471237
TalesFromTheFrontDesk,10,0.344471237
TropicalWeather,10,0.344471237
UNBGBBIIVCHIDCTIICBG,10,0.344471237
UnsentLetters,10,0.344471237
answers,10,0.344471237
budgetfood,10,0.344471237
bulletjournal,10,0.344471237
cars,10,0.344471237
disney,10,0.344471237
evilbuildings,10,0.344471237
geek,10,0.344471237
halloween,10,0.344471237
holdmybeer,10,0.344471237
introvert,10,0.344471237
listentothis,10,0.344471237
medical,10,0.344471237
natureismetal,10,0.344471237
netflix,10,0.344471237
newzealand,10,0.344471237
opiates,10,0.344471237
podcasts,10,0.344471237
riverdale,10,0.344471237
stilltrying,10,0.344471237
veganrecipes,10,0.344471237
AmericanHorrorStory,9,0.310024113
AskCulinary,9,0.310024113
Awwducational,9,0.310024113
BreakUps,9,0.310024113
BuyItForLife,9,0.310024113
C25K,9,0.310024113
DadReflexes,9,0.310024113
DeadBedrooms,9,0.310024113
Glitch_in_the_Matrix,9,0.310024113
HealthAnxiety,9,0.310024113
IFchildfree,9,0.310024113
IWantOut,9,0.310024113
IdiotsInCars,9,0.310024113
InfertilityBabies,9,0.310024113
Interstitialcystitis,9,0.310024113
MapPorn,9,0.310024113
Miscarriage,9,0.310024113
MovieDetails,9,0.310024113
OCD,9,0.310024113
Paleo,9,0.310024113
RATS,9,0.310024113
Sneks,9,0.310024113
SubredditDrama,9,0.310024113
Superbowl,9,0.310024113
TalesFromTheCustomer,9,0.310024113
TsumTsum,9,0.310024113
acne,9,0.310024113
aspergirls,9,0.310024113
blackpeoplegifs,9,0.310024113
brisbane,9,0.310024113
datingoverthirty,9,0.310024113
intermittentfasting,9,0.310024113
london,9,0.310024113
malelivingspace,9,0.310024113
nevertellmetheodds,9,0.310024113
nyc,9,0.310024113
philosophy,9,0.310024113
photocritique,9,0.310024113
photography,9,0.310024113
pregnant,9,0.310024113
quilting,9,0.310024113
rickandmorty,9,0.310024113
softwaregore,9,0.310024113
talesfromtechsupport,9,0.310024113
teaching,9,0.310024113
toronto,9,0.310024113
vancouver,9,0.310024113
ANormalDayInRussia,8,0.275576989
Accounting,8,0.275576989
Anticonsumption,8,0.275576989
AskAnAmerican,8,0.275576989
AskUK,8,0.275576989
Breadit,8,0.275576989
Breath_of_the_Wild,8,0.275576989
Calgary,8,0.275576989
Dachshund,8,0.275576989
Etsy,8,0.275576989
Feminism,8,0.275576989
Indiemakeupandmore,8,0.275576989
MedicalGore,8,0.275576989
MensRights,8,0.275576989
Mommit,8,0.275576989
PanPorn,8,0.275576989
Perfectfit,8,0.275576989
Psychic,8,0.275576989
RoomPorn,8,0.275576989
SweatyPalms,8,0.275576989
TaylorSwift,8,0.275576989
The_Donald,8,0.275576989
Vegan_Food,8,0.275576989
Watercolor,8,0.275576989
ZeroWaste,8,0.275576989
boardgames,8,0.275576989
brushybrushy,8,0.275576989
buffy,8,0.275576989
crappyoffbrands,8,0.275576989
entwives,8,0.275576989
femalehairadvice,8,0.275576989
financialindependence,8,0.275576989
findareddit,8,0.275576989
forwardsfromgrandma,8,0.275576989
h3h3productions,8,0.275576989
horror,8,0.275576989
ihavesex,8,0.275576989
ketogains,8,0.275576989
medicalschool,8,0.275576989
minimalism,8,0.275576989
morbidquestions,8,0.275576989
myfavoritemurder,8,0.275576989
pokemon,8,0.275576989
povertyfinance,8,0.275576989
puppy101,8,0.275576989
rage,8,0.275576989
socialskills,8,0.275576989
teefies,8,0.275576989
vaxxhappened,8,0.275576989
whole30,8,0.275576989
witchcraft,8,0.275576989
woof_irl,8,0.275576989
Allergies,7,0.241129866
AmItheAsshole,7,0.241129866
AmateurRoomPorn,7,0.241129866
AskEurope,7,0.241129866
Atlanta,7,0.241129866
BDSMAdvice,7,0.241129866
BikiniBottomTwitter,7,0.241129866
CrohnsDisease,7,0.241129866
Delightfullychubby,7,0.241129866
Dreams,7,0.241129866
EngagementRings,7,0.241129866
GirlGamers,7,0.241129866
GooglePixel,7,0.241129866
GriefSupport,7,0.241129866
HighQualityGifs,7,0.241129866
IASIP,7,0.241129866
IsItBullshit,7,0.241129866
JusticeServed,7,0.241129866
Ladybonersgonecuddly,7,0.241129866
LifeAfterNarcissism,7,0.241129866
LongDistance,7,0.241129866
MUAontheCheap,7,0.241129866
MakeupAddictionCanada,7,0.241129866
Meditation,7,0.241129866
Michigan,7,0.241129866
NotMyJob,7,0.241129866
OSHA,7,0.241129866
PrequelMemes,7,0.241129866
PrettyLittleLiars,7,0.241129866
Random_Acts_Of_Amazon,7,0.241129866
Scotland,7,0.241129866
SkincareAddictionUK,7,0.241129866
SquaredCircle,7,0.241129866
StudentNurse,7,0.241129866
Supernatural,7,0.241129866
TalesFromThePharmacy,7,0.241129866
TrollXFunny,7,0.241129866
TrollXOver30,7,0.241129866
TrueReddit,7,0.241129866
TwoXSex,7,0.241129866
amiugly,7,0.241129866
applehelp,7,0.241129866
asktransgender,7,0.241129866
awfuleverything,7,0.241129866
beauty,7,0.241129866
bisexual,7,0.241129866
castiron,7,0.241129866
cfs,7,0.241129866
drawing,7,0.241129866
eczema,7,0.241129866
environment,7,0.241129866
feminisms,7,0.241129866
ftm,7,0.241129866
futurama,7,0.241129866
guineapigs,7,0.241129866
hiphopheads,7,0.241129866
houseplants,7,0.241129866
infj,7,0.241129866
infp,7,0.241129866
insomnia,7,0.241129866
ireland,7,0.241129866
lego,7,0.241129866
littlespace,7,0.241129866
lotr,7,0.241129866
lupus,7,0.241129866
meirl,7,0.241129866
orlando,7,0.241129866
pharmacy,7,0.241129866
plants,7,0.241129866
pokemongo,7,0.241129866
rant,7,0.241129866
snackexchange,7,0.241129866
somethingimade,7,0.241129866
spaceporn,7,0.241129866
tarot,7,0.241129866
texas,7,0.241129866
thalassophobia,7,0.241129866
ttcafterloss,7,0.241129866
unpopularopinion,7,0.241129866
veganfitness,7,0.241129866
waiting_to_try,7,0.241129866
whatsthatbook,7,0.241129866
whatstheword,7,0.241129866
19KidsandCounting,6,0.206682742
Adelaide,6,0.206682742
Android,6,0.206682742
AnimalTextGifs,6,0.206682742
Antiques,6,0.206682742
AskTrollX,6,0.206682742
Birbs,6,0.206682742
BobsBurgers,6,0.206682742
Braincels,6,0.206682742
Denver,6,0.206682742
Disneyland,6,0.206682742
Floof,6,0.206682742
GenderCritical,6,0.206682742
GilmoreGirls,6,0.206682742
IdiotsFightingThings,6,0.206682742
InteriorDesign,6,0.206682742
Keto_Food,6,0.206682742
LSD,6,0.206682742
LosAngeles,6,0.206682742
MarchAgainstTrump,6,0.206682742
MechanicalKeyboards,6,0.206682742
Nanny,6,0.206682742
Nicegirls,6,0.206682742
Outlander,6,0.206682742
PS4,6,0.206682742
PaleMUA,6,0.206682742
PlantBasedDiet,6,0.206682742
ProjectRunway,6,0.206682742
SandersForPresident,6,0.206682742
Seattle,6,0.206682742
ShittyLifeProTips,6,0.206682742
Simulated,6,0.206682742
SupermodelCats,6,0.206682742
TheDepthsBelow,6,0.206682742
TheWayWeWere,6,0.206682742
WomensHealth,6,0.206682742
astrology,6,0.206682742
baltimore,6,0.206682742
baseball,6,0.206682742
blop,6,0.206682742
bodyweightfitness,6,0.206682742
boottoobig,6,0.206682742
catpictures,6,0.206682742
changemyview,6,0.206682742
christmas,6,0.206682742
coolguides,6,0.206682742
cordcutters,6,0.206682742
crappycontouring,6,0.206682742
creepyasterisks,6,0.206682742
dankmemes,6,0.206682742
delusionalartists,6,0.206682742
diabetes,6,0.206682742
disability,6,0.206682742
dogswithjobs,6,0.206682742
dysautonomia,6,0.206682742
emetophobia,6,0.206682742
ems,6,0.206682742
engrish,6,0.206682742
excel,6,0.206682742
findapath,6,0.206682742
firstworldproblems,6,0.206682742
fragrance,6,0.206682742
freebies,6,0.206682742
grilledcheese,6,0.206682742
holdmycosmo,6,0.206682742
humblebrag,6,0.206682742
ifyoulikeblank,6,0.206682742
iphone,6,0.206682742
japan,6,0.206682742
labrador,6,0.206682742
madlads,6,0.206682742
malefashionadvice,6,0.206682742
maryland,6,0.206682742
mildlypenis,6,0.206682742
millionairemakers,6,0.206682742
nononono,6,0.206682742
nutrition,6,0.206682742
ofcoursethatsathing,6,0.206682742
orangeisthenewblack,6,0.206682742
painting,6,0.206682742
powerwashingporn,6,0.206682742
pussypassdenied,6,0.206682742
ramen,6,0.206682742
rapecounseling,6,0.206682742
recipes,6,0.206682742
secretsanta,6,0.206682742
selfimprovement,6,0.206682742
shameless,6,0.206682742
solotravel,6,0.206682742
sploot,6,0.206682742
stopsmoking,6,0.206682742
survivinginfidelity,6,0.206682742
tacobell,6,0.206682742
tattoo,6,0.206682742
terriblefacebookmemes,6,0.206682742
thisisus,6,0.206682742
wholesomegifs,6,0.206682742
zelda,6,0.206682742
1200isplentyketo,5,0.172235618
3DS,5,0.172235618
ACPocketCamp,5,0.172235618
Adoption,5,0.172235618
ArcherFX,5,0.172235618
AskHistorians,5,0.172235618
BALLET,5,0.172235618
BeautyBoxes,5,0.172235618
Bitcoin,5,0.172235618
CFB,5,0.172235618
CatTaps,5,0.172235618
Catholicism,5,0.172235618
CatsStandingUp,5,0.172235618
ChildrenFallingOver,5,0.172235618
ChronicIllness,5,0.172235618
Coffee,5,0.172235618
CreepyAskredditBot,5,0.172235618
CrimeScene,5,0.172235618
Cruise,5,0.172235618
DecidingToBeBetter,5,0.172235618
Design,5,0.172235618
ExNoContact,5,0.172235618
FierceFlow,5,0.172235618
FrugalFemaleFashion,5,0.172235618
Genealogy,5,0.172235618
Ghosts,5,0.172235618
Handwriting,5,0.172235618
ImGoingToHellForThis,5,0.172235618
Invisible,5,0.172235618
Judaism,5,0.172235618
JustNoSO,5,0.172235618
LPOTL,5,0.172235618
LawSchool,5,0.172235618
LegalAdviceUK,5,0.172235618
Libertarian,5,0.172235618
LivestreamFail,5,0.172235618
LoveNikki,5,0.172235618
MURICA,5,0.172235618
MandelaEffect,5,0.172235618
MasterReturns,5,0.172235618
MomForAMinute,5,0.172235618
MtvChallenge,5,0.172235618
POTS,5,0.172235618
PUBATTLEGROUNDS,5,0.172235618
PartyParrot,5,0.172235618
PhonesAreBad,5,0.172235618
ProductPorn,5,0.172235618
PublicFreakout,5,0.172235618
SampleSize,5,0.172235618
ScottishPeopleTwitter,5,0.172235618
StLouis,5,0.172235618
TFABLinePorn,5,0.172235618
TheAdventureZone,5,0.172235618
TheLastAirbender,5,0.172235618
TrueCrime,5,0.172235618
TrumpCriticizesTrump,5,0.172235618
VetTech,5,0.172235618
WatchPeopleDieInside,5,0.172235618
Weddingsunder10k,5,0.172235618
adderall,5,0.172235618
analog,5,0.172235618
asexuality,5,0.172235618
autism,5,0.172235618
babyelephantgifs,5,0.172235618
badroommates,5,0.172235618
badtattoos,5,0.172235618
blogsnark,5,0.172235618
camping,5,0.172235618
careerguidance,5,0.172235618
cookingforbeginners,5,0.172235618
curledfeetsies,5,0.172235618
cursedimages,5,0.172235618
dating,5,0.172235618
delusionalcraigslist,5,0.172235618
drugstoreMUA,5,0.172235618
electronic_cigarette,5,0.172235618
exchristian,5,0.172235618
exjw,5,0.172235618
fakehistoryporn,5,0.172235618
fatpeoplestories,5,0.172235618
fitmeals,5,0.172235618
forbiddensnacks,5,0.172235618
gadgets,5,0.172235618
garlicoin,5,0.172235618
getdisciplined,5,0.172235618
gifsthatkeepongiving,5,0.172235618
glasgow,5,0.172235618
graphic_design,5,0.172235618
happycowgifs,5,0.172235618
hiking,5,0.172235618
hockey,5,0.172235618
holdmyfries,5,0.172235618
holdmyjuicebox,5,0.172235618
homestead,5,0.172235618
husky,5,0.172235618
indieheads,5,0.172235618
jellybeantoes,5,0.172235618
konmari,5,0.172235618
lawofattraction,5,0.172235618
leagueoflegends,5,0.172235618
makeuporganization,5,0.172235618
marijuanaenthusiasts,5,0.172235618
menstrualcups,5,0.172235618
menstruation,5,0.172235618
mycology,5,0.172235618
newjersey,5,0.172235618
nfl,5,0.172235618
nintendo,5,0.172235618
normalnudes,5,0.172235618
offbeat,5,0.172235618
ottawa,5,0.172235618
parrots,5,0.172235618
patientgamers,5,0.172235618
proED,5,0.172235618
productivity,5,0.172235618
pugs,5,0.172235618
raining,5,0.172235618
rheumatoid,5,0.172235618
serialkillers,5,0.172235618
sexover30,5,0.172235618
socialism,5,0.172235618
socialwork,5,0.172235618
survivor,5,0.172235618
sysadmin,5,0.172235618
tonsilstones,5,0.172235618
transtimelines,5,0.172235618
trashpandas,5,0.172235618
trippinthroughtime,5,0.172235618
tuckedinkitties,5,0.172235618
twinpeaks,5,0.172235618
vaginismus,5,0.172235618
vandwellers,5,0.172235618
vaporents,5,0.172235618
vegancirclejerk,5,0.172235618
vegas,5,0.172235618
westworld,5,0.172235618
whatsthisbird,5,0.172235618
woodworking,5,0.172235618
13or30,4,0.137788495
23andme,4,0.137788495
4PanelCringe,4,0.137788495
ActLikeYouBelong,4,0.137788495
AirBnB,4,0.137788495
AskNYC,4,0.137788495
BPDlovedones,4,0.137788495
BeardedDragons,4,0.137788495
CampingGear,4,0.137788495
CatAdvice,4,0.137788495
CautiousBB,4,0.137788495
Columbus,4,0.137788495
CorporateFacepalm,4,0.137788495
CraftyTrolls,4,0.137788495
CryptoCurrency,4,0.137788495
Crystals,4,0.137788495
Dallas,4,0.137788495
DigitalPainting,4,0.137788495
Divorce,4,0.137788495
DumpsterDiving,4,0.137788495
EOOD,4,0.137788495
Economics,4,0.137788495
EngineeringStudents,4,0.137788495
EnoughInternet,4,0.137788495
Entrepreneur,4,0.137788495
Fallout,4,0.137788495
FanFiction,4,0.137788495
February2018Bumpers,4,0.137788495
FinalFantasy,4,0.137788495
FoundPaper,4,0.137788495
Games,4,0.137788495
GhostAdventures,4,0.137788495
HIMYM,4,0.137788495
Health,4,0.137788495
HealthyFood,4,0.137788495
HelpMeFind,4,0.137788495
Horses,4,0.137788495
ICanDrawThat,4,0.137788495
INTP,4,0.137788495
Incels,4,0.137788495
Incorgnito,4,0.137788495
Indiana,4,0.137788495
January2018Bumpers,4,0.137788495
JoeRogan,4,0.137788495
JustEngaged,4,0.137788495
LadyGaga,4,0.137788495
LucidDreaming,4,0.137788495
MakeupAddicts,4,0.137788495
MaladaptiveDreaming,4,0.137788495
MyPeopleNeedMe,4,0.137788495
NarcissisticAbuse,4,0.137788495
NoPoo,4,0.137788495
Nootropics,4,0.137788495
Nurse,4,0.137788495
OliveMUA,4,0.137788495
PerfectTiming,4,0.137788495
PersonalFinanceCanada,4,0.137788495
PlasticSurgery,4,0.137788495
PlusSize,4,0.137788495
Professors,4,0.137788495
PurplePillDebate,4,0.137788495
RBI,4,0.137788495
RandomKindness,4,0.137788495
Random_Acts_Of_Pizza,4,0.137788495
SCAcirclejerk,4,0.137788495
Sacramento,4,0.137788495
SaltLakeCity,4,0.137788495
Scams,4,0.137788495
SeattleWA,4,0.137788495
SeriousConversation,4,0.137788495
SexToys,4,0.137788495
Sims4,4,0.137788495
StarWarsBattlefront,4,0.137788495
StartledCats,4,0.137788495
StrongCurves,4,0.137788495
StudentLoans,4,0.137788495
TTC30,4,0.137788495
Thetruthishere,4,0.137788495
TrollCoping,4,0.137788495
TrollXWeddings,4,0.137788495
Twitch,4,0.137788495
Vaping,4,0.137788495
VeganBeauty,4,0.137788495
WeatherGifs,4,0.137788495
alteredcarbon,4,0.137788495
awwwtf,4,0.137788495
bartenders,4,0.137788495
battlestations,4,0.137788495
beards,4,0.137788495
beer,4,0.137788495
beholdthemasterrace,4,0.137788495
bigdickproblems,4,0.137788495
bird,4,0.137788495
blackcats,4,0.137788495
brooklynninenine,4,0.137788495
cactus,4,0.137788495
calmhands,4,0.137788495
cancer,4,0.137788495
catbellies,4,0.137788495
chemistry,4,0.137788495
cincinnati,4,0.137788495
clothdiaps,4,0.137788495
combinedgifs,4,0.137788495
comicbooks,4,0.137788495
confusing_perspective,4,0.137788495
cscareerquestions,4,0.137788495
declutter,4,0.137788495
dietetics,4,0.137788495
disneyvacation,4,0.137788495
domesticviolence,4,0.137788495
eldertrees,4,0.137788495
fasting,4,0.137788495
firstworldanarchists,4,0.137788495
fitbit,4,0.137788495
foraging,4,0.137788495
fountainpens,4,0.137788495
foxes,4,0.137788495
france,4,0.137788495
goldenretrievers,4,0.137788495
gonewild,4,0.137788495
googlehome,4,0.137788495
grandrapids,4,0.137788495
holdmycatnip,4,0.137788495
homeowners,4,0.137788495
hsp,4,0.137788495
iamatotalpieceofshit,4,0.137788495
ilikthebred,4,0.137788495
indianpeoplefacebook,4,0.137788495
internetparents,4,0.137788495
intj,4,0.137788495
ipad,4,0.137788495
kansascity,4,0.137788495
ketodrunk,4,0.137788495
ladybonersgw,4,0.137788495
learnprogramming,4,0.137788495
